{"cameraMode":{"drawMode":0,"name":"Shaded","section":"Shading Mode"},"sceneLighting":false,"audioPlay":false,"sceneViewState":{"m_AlwaysRefresh":false,"showFog":true,"showSkybox":false,"showFlares":true,"showImageEffects":true,"showParticleSystems":true,"showVisualEffectGraphs":true,"m_FxEnabled":true},"in2DMode":false,"pivot":{"x":0.07877643406391144,"y":0.016467545181512834,"z":-0.11173562705516815},"rotation":{"x":0.15507754683494569,"y":-0.29977309703826907,"z":0.04945368692278862,"w":0.9400246739387512},"size":0.005500392988324165,"orthographic":false}