{"cameraMode":{"drawMode":0,"name":"Shaded","section":"Shading Mode"},"sceneLighting":false,"audioPlay":false,"sceneViewState":{"m_AlwaysRefresh":false,"showFog":true,"showSkybox":false,"showFlares":true,"showImageEffects":true,"showParticleSystems":true,"showVisualEffectGraphs":true,"m_FxEnabled":true},"in2DMode":false,"pivot":{"x":-3.0692567825317385,"y":2.4988555908203127,"z":-1.9898836612701417},"rotation":{"x":0.05332085117697716,"y":0.9437558054924011,"z":-0.26576921343803408,"w":0.1893443912267685},"size":1.299041748046875,"orthographic":false}